variable,VIF,high_collinearity
NO2,18.34175977093325,True
O3,14.328021066961197,True
PM25,13.309708217726824,True
SO2,22.238205840837512,True
